Nicola2022-06-17 12:45:01.298607,Nicola,324,GB,other
nicola.webb@brl.ac.uk2022-06-17 13:09:51.611493,nicola.webb@brl.ac.uk,5435,GB,other
hcu2022-06-17 13:12:07.714318,hcu,vhc,GB,other
djc df2022-06-27 16:10:59.872056,djc df,bddh,GB,other
drtert2022-06-27 16:22:30.643926,drtert,ertert,GB,other
ndnd2022-06-27 16:22:57.271689,ndnd,bsbsn,GB,other
rtyrty2022-06-27 16:24:42.755251,rtyrty,rtyrtyryt,GB,other
waaa2022-06-27 16:30:48.161204,waaa,23,GB,other
137,nicola.webb@brl.ac.uk,werwerwerwer,GB,other
137,nicola.webb@brl.ac.uk,werwerwerwer,GB,other
137,nicola.webb@brl.ac.uk,werwerwerwer,GB,other
137,dsfds,454353,GB,other
137,dfgfd,546546,GB,other
137,sadsad,ew545,GB,other
137,dfgd,54435,GB,other
137,dsfdsf,werwerwerwer,GB,other
137,erer,rtert,erter,GB,other
137,1,NIcola,324324,GB,other
137,fder,546546,546,GB,other
137,2,nicola phone,200,GB,other
439,dfg,43543,ertert,GB,other
None,swe,345,435435,GB,other
707,56,456,456,GB,other
459,sdf,sdfdsf,dsf,GB,other
478,r,r,r,GB,other
209,d,d,d,GB,other
934,sr,er,wer,GB,other
248,r,r,r,GB,other
725,1,Severin,25,ES,male
834,1,Nicola,26,GB,female
962,1,Nicola,26,GB,female
474,1,Nicola,26,GB,female
209,1,Sewewe,12,GB,other
294,3,fdgdfg,34,GB,other
750,1,NIco,34,GB,male
678,3,Nicola Webb,32,GB,male
901,12,shab,28,UG,other
497,3,Nicola,34,GB,other
656,1,Nicola,5435,GB,other
321,4,gfdhgh,23,GB,other
989,12,dfgfd,324,GB,other
426,e,324,234,GB,other
866,er,ewr,wer,GB,other
623,2,34,234,GB,other
187,1,aksjd,243,GB,other
679,2,dsf,23,GB,other
991,2,dfg,23,GB,other
179,56,Sewewe,werwerwerwer,GB,other
515,as,213,123,GB,other
